depth,thickness
0.373,0.297
3.009,2.636
3.709,0.7
3.912,0.203
4.268,0.356
4.826,0.558
4.953,0.127
5.436,0.483
5.766,0.33
5.97,0.204
6.384,0.414
6.706,0.322
6.969,0.263
7.29,0.321
7.595,0.305
7.993,0.398
8.332,0.339
8.806,0.474
9.069,0.263
9.881,0.812
10.618,0.737
11.033,0.415
11.592,0.559
12.489,0.897
13.251,0.762
14.318,1.067
15.148,0.83
15.758,0.61
15.995,0.237
16.232,0.237
16.494,0.262
17.062,0.568
17.739,0.677
18.213,0.474
18.654,0.441
19.399,0.745
19.992,0.593
20.559,0.567
21.643,1.084
23.404,1.761
23.76,0.356
24.403,0.643
25.106,0.703
26.164,1.058
27.096,0.932
27.409,0.313
27.739,0.33
28.146,0.407
28.518,0.372
29.009,0.491
29.89,0.881
30.745,0.855
31.253,0.508
31.829,0.576
99.467,67.638
100.322,0.855
100.787,0.465
101.355,0.568
101.888,0.533
102.1,0.212
102.235,0.135
103.099,0.864
104.471,1.372
104.97,0.499
113.81,8.84
114.725,0.915
115.131,0.406
115.597,0.466
116.825,1.228
117.392,0.567
118.129,0.737
118.738,0.609
119.373,0.635
119.585,0.212
120.034,0.449
121.499,1.465
121.973,0.474
122.371,0.398
123.065,0.694
123.522,0.457
124.174,0.652
124.581,0.407
124.962,0.381
125.428,0.466
125.732,0.304
125.986,0.254
126.571,0.585
126.943,0.372
127.782,0.839
128.18,0.398
128.459,0.279
128.696,0.237
128.874,0.178
129.17,0.296
129.424,0.254
129.78,0.356
130.203,0.423
130.635,0.432
130.923,0.288
131.888,0.965
132.532,0.644
133.184,0.652
133.522,0.338
133.946,0.424
135.216,1.27
135.631,0.415
136.901,1.27
138.518,1.617
138.764,0.246
139.924,1.16
141.524,1.6
142.659,1.135
142.87,0.211
144.115,1.245
144.428,0.313
145.326,0.898
146.173,0.847
148.484,2.311
148.95,0.466
149.28,0.33
149.56,0.28
151.16,1.6
152.058,0.898
156.782,4.724
158.637,1.855
160.483,1.846
163.497,3.014
165.03,1.533
167.595,2.565
168.544,0.949
169.881,1.337
171.185,1.304
172.625,1.44
173.692,1.067
176.198,2.506
177.782,1.584
180.872,3.09
182.058,1.186
182.422,0.364
182.913,0.491
183.489,0.576
184.174,0.685
185.732,1.558
188.417,2.685
189.297,0.88
197.6122896,8.315289585
254.9452896,2.913
256.9512896,2.006
258.8742896,1.923
262.3542896,3.48
263.6152896,1.261
264.7412896,1.126
266.5532896,1.812
275.8422896,0.99
278.1112896,2.269
280.5592896,2.448
282.1842896,1.625
284.8522896,2.668
286.4432896,1.591
287.6372896,1.194
291.1092896,3.472
291.7782896,0.669
297.2902896,5.512
297.8242896,0.534
298.0102896,0.186
298.3232896,0.313
298.6962896,0.373
301.0752896,2.379
302.7432896,1.668
306.5702896,3.827
307.8662896,1.296
308.4082896,0.542
308.9672896,0.559
310.6772896,1.71
312.3962896,1.719
314.3182896,1.922
316.0882896,1.77
317.7472896,1.659
318.0272896,0.28
319.7032896,1.676
322.6332896,2.93
324.4282896,1.795
325.5802896,1.152
327.6372896,2.057
329.7292896,2.092
331.5922896,1.863
332.5652896,0.973
333.0482896,0.483
334.6142896,1.566
337.0452896,2.431
338.4502896,1.405
339.7962896,1.346
341.4392896,1.643
343.4972896,2.058
346.1392896,2.642
348.1542896,2.015
350.2795089,2.125219306
350.9225089,0.643
351.8595089,0.937
353.5425089,1.683
356.4775089,2.935
360.9935089,4.516
361.7495089,0.756
363.9065089,2.157
366.9775089,3.071
368.3775089,1.4
369.0315089,0.654
384.1715089,15.14
385.2325089,1.061
386.6775089,1.445
388.0555089,1.378
389.9525089,1.897
392.4355089,2.483
394.1965089,1.761
395.9465089,1.75
396.6465089,0.7
397.6175089,0.971
402.4275089,4.81
403.0705089,0.643
404.0755089,1.005
405.7805089,1.705
406.3335089,0.553
407.6205089,1.287
410.1835089,2.563
410.6355089,0.452
413.0285089,2.393
432.1985089,19.17
433.2715089,1.073
434.2425089,0.971
436.4775089,2.235
437.2455089,0.768
439.2435089,1.998
441.8065089,2.563
442.4835089,0.677
443.4775089,0.994
444.9225089,1.445
449.8335089,4.911
454.3945089,4.561
457.0815089,2.687
461.4165089,4.335
463.4265089,2.01
464.6115089,1.185
470.1435089,5.532
472.2775089,2.134
473.5305089,1.253
476.2065089,2.676
479.1755089,2.969
481.0725089,1.897
483.2175089,2.145
485.6565089,2.439
485.7465089,0.09
488.6025089,2.856
492.1365089,3.534
495.2185089,3.082
496.8105089,1.592
497.8945089,1.084
498.8995089,1.005
499.4525089,0.553
500.0845089,0.632
500.9315089,0.847
501.9925089,1.061
503.3705089,1.378
504.2845089,0.914
506.7455089,2.461
507.4115089,0.666
507.9535089,0.542
508.7555089,0.802
509.8505089,1.095
510.6975089,0.847
512.3005089,1.603
513.5085089,1.208
514.7505089,1.242
516.5565089,1.806
519.5145089,2.958
520.4855089,0.971
522.9805089,2.495
524.9115089,1.931
526.9885089,2.077
528.9305089,1.942
530.4765089,1.546
531.8765089,1.4
533.1075089,1.231
534.0335089,0.926
535.1505089,1.117
537.6915089,2.541
539.8895089,2.198
541.0755089,1.186
542.0465089,0.971
543.2655089,1.219
543.8865089,0.621
545.3885089,1.502
547.0026689,1.614160034
551.3546689,4.352
553.2426689,1.888
553.9546689,0.712
554.3856689,0.431
554.9956689,0.61
557.4006689,2.405
558.3576689,0.957
560.3136689,1.956
561.2106689,0.897
562.6586689,1.448
564.1746689,1.516
564.5636689,0.389
565.9356689,1.372
566.8926689,0.957
567.4086689,0.516
568.6706689,1.262
568.8996689,0.229
569.4326689,0.533
571.1596689,1.727
571.8456689,0.686
574.3436689,2.498
574.7836689,0.44
575.1646689,0.381
576.1306689,0.966
576.8836689,0.753
577.3076689,0.424
579.6186689,2.311
580.6776689,1.059
581.3636689,0.686
582.9216689,1.558
585.5716689,2.65
586.6806689,1.109
587.2396689,0.559
588.0606689,0.821
588.3486689,0.288
588.8146689,0.466
590.2456689,1.431
591.8966689,1.651
592.1846689,0.288
592.5736689,0.389
593.5646689,0.991
594.0386689,0.474
595.0376689,0.999
596.9856689,1.948
598.6786689,1.693
598.9756689,0.297
599.4746689,0.499
600.0676689,0.593
600.7196689,0.652
601.4906689,0.771
601.9896689,0.499
602.9546689,0.965
604.4876689,1.533
604.7756689,0.288
605.4356689,0.66
605.9606689,0.525
607.7986689,1.838
608.7556689,0.957
609.0516689,0.296
609.4406689,0.389
610.3046689,0.864
610.7026689,0.398
611.1936689,0.491
612.1256689,0.932
613.0056689,0.88
613.3526689,0.347
615.0886689,1.736
615.4446689,0.356
616.1646689,0.72
617.0276689,0.863
617.6126689,0.585
618.5346689,0.922
619.8556689,1.321
620.4996689,0.644
620.8886689,0.389
621.5076689,0.619
622.2016689,0.694
622.7776689,0.576
623.4626689,0.685
623.9796689,0.517
624.5216689,0.542
624.8686689,0.347
625.3256689,0.457
625.5626689,0.237
626.3336689,0.771
626.8336689,0.5
627.6126689,0.779
629.5176689,1.905
630.2456689,0.728
633.1496689,2.904
633.4716689,0.322
634.3776689,0.906
634.7756689,0.398
635.2496689,0.474
635.7746689,0.525
636.4686689,0.694
637.5186689,1.05
638.2976689,0.779
638.8826689,0.585
639.4326689,0.55
639.9576689,0.525
640.2706689,0.313
641.0926689,0.822
641.5326689,0.44
642.0576689,0.525
643.1756689,1.118
643.4886689,0.313
644.6736689,1.185
645.3006689,0.627
645.7836689,0.483
646.4516689,0.668
647.0446689,0.593
647.5446689,0.5
648.4926689,0.948
649.3906689,0.898
649.7796689,0.389
651.2616689,1.482
651.5326689,0.271
651.8036689,0.271
652.4976689,0.694
653.3956689,0.898
653.6496689,0.254
654.4366689,0.787
655.1226689,0.686
656.2916689,1.169
656.9606689,0.669
657.3586689,0.398
658.2046689,0.846
659.3056689,1.101
660.0506689,0.745
660.4996689,0.449
661.0666689,0.567
661.3206689,0.254
661.6596689,0.339
661.9986689,0.339
662.6836689,0.685
663.1666689,0.483
663.6496689,0.483
664.0476689,0.398
664.4966689,0.449
664.9956689,0.499
665.4956689,0.5
665.8426689,0.347
666.2316689,0.389
666.8246689,0.593
667.3836689,0.559
667.8156689,0.432
668.3236689,0.508
669.3396689,1.016
669.7206689,0.381
670.0426689,0.322
670.2286689,0.186
670.6016689,0.373
671.1686689,0.567
671.6506689,0.482
672.1166689,0.466
672.3626689,0.246
672.5566689,0.194
672.7856689,0.229
673.0486689,0.263
673.4796689,0.431
673.9796689,0.5
674.6316689,0.652
675.3006689,0.669
675.5966689,0.296
676.2826689,0.686
676.8496689,0.567
677.6126689,0.763
677.8066689,0.194
678.7386689,0.932
679.4836689,0.745
679.6526689,0.169
679.8726689,0.22
680.2036689,0.331
680.5676689,0.364
680.9566689,0.389
721.2026689,40.246
721.7696689,0.567
722.0996689,0.33
722.4466689,0.347
722.9716689,0.525
723.6326689,0.661
724.2846689,0.652
724.8096689,0.525
725.0976689,0.288
725.3596689,0.262
725.5886689,0.229
725.9186689,0.33
726.4776689,0.559
728.0526689,1.575
728.3826689,0.33
728.8906689,0.508
729.6276689,0.737
730.0676689,0.44
730.5586689,0.491
730.9226689,0.364
731.3206689,0.398
732.1086689,0.788
732.9046689,0.796
733.4626689,0.558
734.6236689,1.161
735.1316689,0.508
735.8766689,0.745
736.2576689,0.381
736.9686689,0.711
737.3586689,0.39
738.0186689,0.66
738.7886689,0.77
739.3816689,0.593
740.9986689,1.617
741.3806689,0.382
742.0066689,0.626
742.5146689,0.508
743.2856689,0.771
743.9036689,0.618
744.9616689,1.058
747.24216,2.280491109
747.71616,0.474
748.40516,0.689
749.00416,0.599
749.43316,0.429
749.92916,0.496
750.47116,0.542
751.02416,0.553
751.67916,0.655
752.02916,0.35
752.56016,0.531
752.92116,0.361
753.12416,0.203
753.45216,0.328
755.02116,1.569
755.57416,0.553
761.45116,5.877
761.73316,0.282
761.92516,0.192
762.85116,0.926
763.12116,0.27
763.53416,0.413
763.88416,0.35
764.25616,0.372
764.66316,0.407
765.43616,0.773
765.76316,0.327
766.15816,0.395
766.56516,0.407
766.73416,0.169
767.12916,0.395
767.70516,0.576
768.23616,0.531
769.10516,0.869
769.57916,0.474
770.78716,1.208
771.18816,0.401
772.39616,1.208
772.89316,0.497
773.28816,0.395
774.43116,1.143
774.90516,0.474
775.68416,0.779
776.54216,0.858
777.33316,0.791
777.80716,0.474
779.02616,1.219
779.89816,0.872
780.33916,0.441
780.85816,0.519
781.29816,0.44
781.61416,0.316
782.14516,0.531
782.34816,0.203
783.08216,0.734
783.60716,0.525
785.17916,1.572
785.57416,0.395
785.89016,0.316
786.38716,0.497
788.10616,1.719
788.46716,0.361
788.74916,0.282
790.95116,2.202
791.41716,0.466
791.84616,0.429
792.21816,0.372
792.58016,0.362
793.11016,0.53
793.55116,0.441
793.95716,0.406
794.35816,0.401
794.84316,0.485
795.38516,0.542
795.82516,0.44
796.06216,0.237
796.43516,0.373
797.11216,0.677
797.53016,0.418
798.52416,0.994
798.91016,0.386
800.13016,1.22
800.43516,0.305
800.73916,0.304
801.20216,0.463
801.62616,0.424
802.03216,0.406
802.47216,0.44
803.04816,0.576
807.13216,4.084
807.53916,0.407
808.26116,0.722
808.86016,0.599
809.24316,0.383
809.78516,0.542
810.19216,0.407
810.97416,0.782
811.51616,0.542
811.68516,0.169
812.02416,0.339
812.55416,0.53
813.00616,0.452
817.92316,4.917
818.70216,0.779
818.90516,0.203
819.44716,0.542
819.75116,0.304
820.15816,0.407
820.48516,0.327
820.90316,0.418
821.33216,0.429
821.78616,0.454
822.15116,0.365
822.37116,0.22
822.70916,0.338
823.19216,0.483
823.32816,0.136
823.75916,0.431
824.13216,0.373
824.38616,0.254
825.40216,1.016
825.79216,0.39
826.16416,0.372
826.98516,0.821
827.36616,0.381
827.79816,0.432
828.16216,0.364
828.62016,0.458
829.03516,0.415
829.56016,0.525
830.11016,0.55
830.53316,0.423
830.75316,0.22
831.09216,0.339
831.76116,0.669
832.21016,0.449
832.55716,0.347
833.04016,0.483
833.73416,0.694
833.98016,0.246
834.39416,0.414
835.03816,0.644
835.16516,0.127
835.66516,0.5
836.04616,0.381
836.44416,0.398
836.79116,0.347
837.09616,0.305
837.84116,0.745
838.23916,0.398
839.30616,1.067
839.77116,0.465
841.38016,1.609
842.17616,0.796
842.79416,0.618
843.18416,0.39
843.63216,0.448
844.32716,0.695
845.00416,0.677
845.74116,0.737
848.99216,3.251
849.78016,0.788
850.23716,0.457
850.76216,0.525
851.28716,0.525
851.83716,0.55
852.40516,0.568
852.74316,0.338
853.10716,0.364
853.59016,0.483
853.91216,0.322
854.56416,0.652
854.85216,0.288
855.25816,0.406
855.93516,0.677
856.55416,0.619
857.01916,0.465
857.18016,0.161
857.57816,0.398
858.27216,0.694
858.73816,0.466
859.44916,0.711
859.82216,0.373
860.27916,0.457
860.80416,0.525
861.60916,0.805
862.26916,0.66
862.76916,0.5
863.46316,0.694
864.34416,0.881
864.66516,0.321
865.30916,0.644
865.89316,0.584
866.46916,0.576
867.39216,0.923
867.79016,0.398
868.18816,0.398
868.56916,0.381
868.86516,0.296
869.17916,0.314
869.77116,0.592
870.12716,0.356
870.52516,0.398
871.01616,0.491
871.43116,0.415
871.93916,0.508
872.27816,0.339
872.80316,0.525
873.38716,0.584
873.86116,0.474
874.32716,0.466
875.02116,0.694
875.48716,0.466
875.83416,0.347
876.44416,0.61
877.16316,0.719
877.50216,0.339
878.07816,0.576
878.36616,0.288
879.56016,1.194
880.28816,0.728
881.05016,0.762
881.40516,0.355
883.04016,1.635
883.35316,0.313
883.77616,0.423
884.17416,0.398
884.84316,0.669
885.52116,0.678
886.46016,0.939
886.80816,0.348
887.54416,0.736
889.73716,2.193
890.10116,0.364
890.75316,0.652
891.43916,0.686
891.82016,0.381
892.20116,0.381
892.51516,0.314
893.00616,0.491
893.44616,0.44
894.17416,0.728
894.86016,0.686
895.29216,0.432
895.63916,0.347
896.60416,0.965
897.17216,0.568
897.76416,0.592
898.14516,0.381
898.58616,0.441
898.95016,0.364
899.28916,0.339
899.54316,0.254
899.87316,0.33
900.64316,0.77
901.34616,0.703
902.85316,1.507
903.22616,0.373
903.48016,0.254
904.17416,0.694
904.62316,0.449
904.89416,0.271
905.30016,0.406
905.68116,0.381
906.07916,0.398
906.63816,0.559
907.25616,0.618
907.74816,0.492
908.25616,0.508
909.67816,1.422
911.77016,2.092
912.15916,0.389
912.53216,0.373
912.93016,0.398
913.64916,0.719
914.12316,0.474
914.36916,0.246
914.75016,0.381
915.03816,0.288
915.40216,0.364
915.91916,0.517
916.33316,0.414
916.92616,0.593
917.36616,0.44
917.87516,0.509
918.45016,0.575
918.84016,0.39
919.33116,0.491
919.70316,0.372
920.31316,0.61
921.05016,0.737
921.49916,0.449
921.98116,0.482
922.64216,0.661
923.09916,0.457
923.42916,0.33
924.06416,0.635
924.40316,0.339
924.95316,0.55
925.12316,0.17
925.63116,0.508
925.94416,0.313
926.33316,0.389
926.71416,0.381
927.17216,0.458
927.63716,0.465
928.01816,0.381
928.44216,0.424
928.90816,0.466
929.37316,0.465
930.48216,1.109
931.16816,0.686
935.80016,4.632
936.12216,0.322
936.58716,0.465
938.14516,1.558
938.65416,0.509
939.00116,0.347
939.45816,0.457
939.99116,0.533
940.32216,0.331
940.66916,0.347
941.48216,0.813
942.04916,0.567
942.55716,0.508
942.90416,0.347
943.39516,0.491
943.74216,0.347
944.62316,0.881
945.12316,0.5
945.52116,0.398
945.89316,0.372
946.25716,0.364
946.73116,0.474
947.09616,0.365
947.77316,0.677
948.49316,0.72
949.11116,0.618
949.68716,0.576
950.36416,0.677
951.05016,0.686
952.00716,0.957
952.47216,0.465
952.75216,0.28
953.0907316,0.33857155
953.4177316,0.327
953.7337316,0.316
954.0557316,0.322
954.3187316,0.263
954.6907316,0.372
955.1647316,0.474
955.5287316,0.364
955.9527316,0.424
956.2827316,0.33
956.7147316,0.432
957.2817316,0.567
957.6967316,0.415
958.3907316,0.694
958.9077316,0.517
959.4327316,0.525
959.9157316,0.483
960.2287316,0.313
960.7957316,0.567
961.1687316,0.373
961.6007316,0.432
962.3877316,0.787
962.7007316,0.313
963.2177316,0.517
963.8277316,0.61
964.1237316,0.296
964.8437316,0.72
965.2917316,0.448
965.6897316,0.398
966.2317316,0.542
966.7997316,0.568
967.5357316,0.736
968.3577316,0.822
968.6537316,0.296
968.8997316,0.246
969.3817316,0.482
969.9237316,0.542
970.5927316,0.669
970.9567316,0.364
971.4307316,0.474
971.8287316,0.398
972.1927316,0.364
972.7857316,0.593
973.0647316,0.279
973.5737316,0.509
973.7847316,0.211
974.0477316,0.263
974.5727316,0.525
974.9027316,0.33
975.1477316,0.245
975.4187316,0.271
975.8257316,0.407
976.3247316,0.499
1020.084732,43.76
1020.245732,0.161
1020.516732,0.271
1020.838732,0.322
1021.261732,0.423
1021.684732,0.423
1021.820732,0.136
1022.074732,0.254
1022.269732,0.195
1022.590732,0.321
1022.861732,0.271
1023.251732,0.39
1023.649732,0.398
1024.216732,0.567
1024.597732,0.381
1025.274732,0.677
1026.604732,1.33
1027.290732,0.686
1027.722732,0.432
1028.145732,0.423
1028.983732,0.838
1030.694732,1.711
1031.329732,0.635
1031.820732,0.491
1032.192732,0.372
1032.827732,0.635
1033.420732,0.593
1033.979732,0.559
1034.580732,0.601
1034.902732,0.322
1035.080732,0.178
1035.571732,0.491
1036.485732,0.914
1036.824732,0.339
1037.434732,0.61
1038.128732,0.694
1038.712732,0.584
1039.178732,0.466
1039.711732,0.533
1040.236732,0.525
1040.965732,0.729
1042.412732,1.447
1042.709732,0.297
1042.954732,0.245
1043.115732,0.161
1043.640732,0.525
1044.038732,0.398
1044.267732,0.229
1044.589732,0.322
1044.944732,0.355
1045.198732,0.254
1045.512732,0.314
1045.893732,0.381
1046.274732,0.381
1046.629732,0.355
1047.899732,1.27
1048.475732,0.576
1048.848732,0.373
1049.212732,0.364
1049.500732,0.288
1049.915732,0.415
1050.253732,0.338
1050.795732,0.542
1051.219732,0.424
1051.921732,0.702
1052.590732,0.669
1053.022732,0.432
1053.573732,0.551
1054.470732,0.897
1054.885732,0.415
1055.207732,0.322
1055.859732,0.652
1056.367732,0.508
1057.180732,0.813
1058.069732,0.889
1058.721732,0.652
1059.440732,0.719
1059.754732,0.314
1060.135732,0.381
1060.524732,0.389
1060.981732,0.457
1061.456732,0.475
1062.006732,0.55
1062.489732,0.483
1063.191732,0.702
1063.581732,0.39
1064.199732,0.618
1064.631732,0.432
1065.300732,0.669
1065.867732,0.567
1066.485732,0.618
1066.841732,0.356
1068.221732,1.38
1068.949732,0.728
1069.322732,0.373
1069.678732,0.356
1070.152732,0.474
1070.838732,0.686
1071.286732,0.448
1071.574732,0.288
1072.302732,0.728
1073.369732,1.067
1074.411732,1.042
1075.181732,0.77
1075.833732,0.652
1076.333732,0.5
1078.280732,1.947
1078.746732,0.466
1079.136732,0.39
1079.576732,0.44
1081.185732,1.609
1081.803732,0.618
1082.429732,0.626
1083.014732,0.585
1083.505732,0.491
1084.004732,0.499
1084.411732,0.407
1085.071732,0.66
1085.385732,0.314
1085.706732,0.321
1086.037732,0.331
1086.418732,0.381
1086.799732,0.381
1087.222732,0.423
1087.603732,0.381
1087.992732,0.389
1088.628732,0.636
1089.830732,1.202
1090.567732,0.737
1091.278732,0.711
1091.786732,0.508
1092.421732,0.635
1093.581732,1.16
1094.055732,0.474
1094.563732,0.508
1095.029732,0.466
1095.605732,0.576
1096.485732,0.88
1098.086732,1.601
1098.721732,0.635
1099.220732,0.499
1099.694732,0.474
1100.101732,0.407
1100.490732,0.389
1101.066732,0.576
1101.972732,0.906
1102.523732,0.551
1103.005732,0.482
1104.284732,1.279
1104.978732,0.694
1105.571732,0.593
1106.951732,1.38
1108.120732,1.169
1108.831732,0.711
1109.534732,0.703
1109.991732,0.457
1110.973732,0.982
1111.803732,0.83
1112.912732,1.109
1113.555906,0.643174428
1114.284906,0.729
1114.563906,0.279
1115.223906,0.66
1115.503906,0.28
1115.842906,0.339
1116.011906,0.169
1116.197906,0.186
1116.392906,0.195
1116.629906,0.237
1208.721906,92.092
1209.364906,0.643
1209.957906,0.593
1210.236906,0.279
1210.643906,0.407
1211.083906,0.44
1211.481906,0.398
1211.794906,0.313
1212.302906,0.508
1213.191906,0.889
1214.114906,0.923
1214.571906,0.457
1215.579906,1.008
1216.316906,0.737
1216.646906,0.33
1218.864906,2.218
1220.118906,1.254
1221.904906,1.786
1222.260906,0.356
1222.776906,0.516
1223.792906,1.016
1224.157906,0.365
1224.546906,0.389
1225.122906,0.576
1225.537906,0.415
1225.918906,0.381
1226.367906,0.449
1226.714906,0.347
1227.052906,0.338
1227.493906,0.441
1228.128906,0.635
1228.466906,0.338
1228.898906,0.432
1229.686906,0.788
1230.363906,0.677
1230.770906,0.407
1231.396906,0.626
1231.862906,0.466
1232.438906,0.576
1233.513906,1.075
1234.800906,1.287
1235.554906,0.754
1236.282906,0.728
1237.789906,1.507
1238.433906,0.644
1239.364906,0.931
1240.194906,0.83
1241.134906,0.94
1242.319906,1.185
1243.132906,0.813
1243.496906,0.364
1243.979906,0.483
1244.588906,0.609
1245.080906,0.492
1245.799906,0.719
1246.570906,0.771
1247.188906,0.618
1247.560906,0.372
1248.145906,0.585
1248.763906,0.618
1249.313906,0.55
1249.830906,0.517
1250.516906,0.686
1250.761906,0.245
1251.405906,0.644
1251.930906,0.525
1252.438906,0.508
1253.056906,0.618
1253.826906,0.77
1254.157906,0.331
1254.758906,0.601
1255.554906,0.796
1256.062906,0.508
1256.866906,0.804
1257.366906,0.5
1258.619906,1.253
1258.856906,0.237
1259.432906,0.576
1259.813906,0.381
1260.710906,0.897
1261.286906,0.576
1261.828906,0.542
1262.353906,0.525
1262.971906,0.618
1263.445906,0.474
1264.267906,0.822
1264.859906,0.592
1265.367906,0.508
1265.850906,0.483
1267.315906,1.465
1267.908906,0.593
1268.534906,0.626
1268.898906,0.364
1269.500906,0.602
1270.024906,0.524
1270.566906,0.542
1270.897906,0.331
1271.328906,0.431
1271.769906,0.441
1272.370906,0.601
1272.878906,0.508
1273.750906,0.872
1274.334906,0.584
1275.080906,0.746
1275.317906,0.237
1275.562906,0.245
1276.155906,0.593
1276.511906,0.356
1277.019906,0.508
1277.730906,0.711
1278.246906,0.516
1278.924906,0.678
1279.279906,0.355
1279.813906,0.534
1280.135906,0.322
1281.015906,0.88
1281.455906,0.44
1282.074906,0.619
1282.531906,0.457
1283.242906,0.711
1283.615906,0.373
1285.977906,2.362
1286.468906,0.491
1287.052906,0.584
1287.713906,0.661
1288.695906,0.982
1289.102906,0.407
1290.262906,1.16
1290.668906,0.406
1291.151906,0.483
1291.574906,0.423
1292.031906,0.457
1292.531906,0.5
1293.301906,0.77
1293.809906,0.508
1294.292906,0.483
1294.639906,0.347
1294.995906,0.356
1295.291906,0.296
1295.782906,0.491
1296.189906,0.407
1296.714906,0.525
1297.205906,0.491
1297.747906,0.542
1298.196906,0.449
1298.771906,0.575
1309.940906,11.169
1310.346906,0.406
1310.575906,0.229
1311.015906,0.44
1311.337906,0.322
1311.853906,0.516
1312.302906,0.449
1312.624906,0.322
1313.090906,0.466
1313.572906,0.482
1313.852906,0.28
1314.267906,0.415
1314.775906,0.508
1314.978906,0.203
1315.325906,0.347
1315.782906,0.457
1316.129906,0.347
1316.604906,0.475
1317.196906,0.592
1317.518906,0.322
1318.229906,0.711
1318.788906,0.559
1319.440906,0.652
1320.363906,0.923
1320.931906,0.568
1322.302906,1.371
1323.598906,1.296
1324.351906,0.753
1325.054906,0.703
1325.630906,0.576
1326.375906,0.745
1327.188906,0.813
1327.527906,0.339
1328.314906,0.787
1328.737906,0.423
1329.381906,0.644
1329.838906,0.457
1330.626906,0.788
1331.295906,0.669
1331.820906,0.525
1332.133906,0.313
1332.946906,0.813
1333.750906,0.804
1334.546906,0.796
1335.130906,0.584
1335.918906,0.788
1336.976906,1.058
1337.815906,0.839
1339.051906,1.236
1339.855906,0.804
1340.634906,0.779
1341.151906,0.517
1341.616906,0.465
1343.013906,1.397
1343.632906,0.619
1344.072906,0.44
1344.826906,0.754
1345.435906,0.609
1346.113906,0.678
1346.866906,0.753
1347.417906,0.551
1348.170906,0.753
1348.848906,0.678
1349.660906,0.812
1349.906906,0.246
1350.693906,0.787
1351.108906,0.415
1351.591906,0.483
1352.057906,0.466
1352.641906,0.584
1352.836906,0.195
1353.454906,0.618
1354.174906,0.72
1354.639906,0.465
1355.613906,0.974
1356.088191,0.474285351
1356.506191,0.418
1357.081191,0.575
1357.465191,0.384
1357.770191,0.305
1358.007191,0.237
1358.436191,0.429
1359.046191,0.61
1359.633191,0.587
1360.130191,0.497
1360.593191,0.463
1361.089191,0.496
1361.417191,0.328
1361.778191,0.361
1362.105191,0.327
1362.704191,0.599
1363.031191,0.327
1363.539191,0.508
1363.821191,0.282
1364.420191,0.599
1365.035191,0.615
1365.859191,0.824
1366.616191,0.757
1367.169191,0.553
1367.821191,0.652
1368.532191,0.711
1369.164191,0.632
1369.898191,0.734
1370.203191,0.305
1370.863191,0.66
1371.315191,0.452
1372.004191,0.689
1372.433191,0.429
1373.141191,0.708
1373.604191,0.463
1374.067191,0.463
1374.507191,0.44
1374.959191,0.452
1375.365191,0.406
1376.037191,0.672
1376.364191,0.327
1376.918191,0.554
1377.471191,0.553
1378.047191,0.576
1378.532191,0.485
1379.266191,0.734
1379.898191,0.632
1380.282191,0.384
1380.711191,0.429
1381.197191,0.486
1381.781191,0.584
1382.244191,0.463
1382.898191,0.654
1383.226191,0.328
1383.757191,0.531
1384.208191,0.451
1384.838191,0.63
1385.357191,0.519
1385.921191,0.564
1386.746191,0.825
1387.321191,0.575
1388.546191,1.225
1389.133191,0.587
1390.855191,1.722
1391.967191,1.112
1392.577191,0.61
1393.062191,0.485
1393.542191,0.48
1393.892191,0.35
1394.219191,0.327
1394.490191,0.271
1394.818191,0.328
1395.303191,0.485
1395.969191,0.666
1401.343191,5.374
1401.727191,0.384
1402.167191,0.44
1402.653191,0.486
1402.913191,0.26
1403.296191,0.383
1403.632191,0.336
1404.039191,0.407
1404.389191,0.35
1404.558191,0.169
1404.829191,0.271
1405.089191,0.26
1405.202191,0.113
1405.484191,0.282
1405.800191,0.316
1405.981191,0.181
1406.308191,0.327
1406.525191,0.217
1406.796191,0.271
1407.056191,0.26
1407.618191,0.562
1407.889191,0.271
1408.329191,0.44
1408.668191,0.339
1409.322191,0.654
1409.619191,0.297
1410.206191,0.587
1410.770191,0.564
1411.837191,1.067
1412.153191,0.316
1412.390191,0.237
1412.628191,0.238
1413.666191,1.038
1413.954191,0.288
1414.993191,1.039
1415.422191,0.429
1415.569191,0.147
1415.919191,0.35
1416.404191,0.485
1416.698191,0.294
1416.957191,0.259
1417.217191,0.26
1417.714191,0.497
1418.267191,0.553
1418.594191,0.327
1419.001191,0.407
1420.319191,1.318
1420.601191,0.282
1421.019191,0.418
1421.493191,0.474
1422.001191,0.508
1422.498191,0.497
1423.988191,1.49
1424.293191,0.305
1424.677191,0.384
1425.128191,0.451
1425.478191,0.35
1425.873191,0.395
1426.325191,0.452
1426.675191,0.35
1427.081191,0.406
1427.318191,0.237
1427.668191,0.35
1428.035191,0.367
1428.589191,0.554
1429.328191,0.739
1430.197191,0.869
1430.897191,0.7
1432.407191,1.51
1433.017191,0.61
1433.683191,0.666
1434.135191,0.452
1434.496191,0.361
1434.744191,0.248
1435.117191,0.373
1435.535191,0.418
1435.930191,0.395
1436.269191,0.339
1436.754191,0.485
1437.194191,0.44
1437.386191,0.192
1437.770191,0.384
1438.018191,0.248
1438.335191,0.317
1438.617191,0.282
1439.102191,0.485
1439.407191,0.305
1440.276191,0.869
1440.643191,0.367
1441.253191,0.61
1441.659191,0.406
1441.817191,0.158
1441.919191,0.102
1442.190191,0.271
1442.563191,0.373
1442.913191,0.35
1443.511191,0.598
1443.799191,0.288
1444.138191,0.339
1444.815191,0.677
1445.142191,0.327
1445.515191,0.373
1446.158191,0.643
1446.486191,0.328
1447.203191,0.717
1447.632191,0.429
1448.004191,0.372
1448.422191,0.418
1449.116191,0.694
1449.602191,0.486
1450.132191,0.53
1450.539191,0.407
1450.866191,0.327
1451.623191,0.757
1512.261191,60.638
1512.712191,0.451
1513.130191,0.418
1513.694191,0.564
1514.547191,0.853
1515.038191,0.491
1515.422191,0.384
1515.941191,0.519
1516.404191,0.463
1517.578191,1.174
1518.357191,0.779
1519.018191,0.661
1519.830191,0.812
1520.305191,0.475
1521.781191,1.476
1522.436191,0.655
1523.023191,0.587
1523.392191,0.369
1523.994191,0.602
1524.219191,0.225
1524.355191,0.136
1524.646191,0.291
1524.973191,0.327
1525.247191,0.274
1525.653191,0.406
1526.353191,0.7
1526.906191,0.553
1528.304191,1.398
1528.778191,0.474
1529.308191,0.53
1529.805191,0.497
1530.228191,0.423
1530.635191,0.407
1531.007191,0.372
1531.391191,0.384
1531.628191,0.237
1531.967191,0.339
1532.430191,0.463
1533.813191,1.383
1534.050191,0.237
1534.321191,0.271
1534.739191,0.418
1535.405191,0.666
1535.642191,0.237
1535.969191,0.327
1536.319191,0.35
1536.748191,0.429
1537.550191,0.802
1537.787191,0.237
1538.069191,0.282
1538.380191,0.311
1538.888191,0.508
1539.193191,0.305
1540.649191,1.456
1541.253191,0.604
1542.540191,1.287
1542.822191,0.282
1543.127191,0.305
1543.545191,0.418
1543.768191,0.223
1543.971191,0.203
1544.197191,0.226
1544.321191,0.124
1544.592191,0.271
1544.739191,0.147
1544.998191,0.259
1545.303191,0.305
1545.563191,0.26
1546.116191,0.553
1546.475191,0.359
1547.378191,0.903
1548.021191,0.643
1548.653191,0.632
1548.913191,0.26
1549.116191,0.203
1549.802191,0.686
1550.784191,0.982
1551.428191,0.644
1551.801191,0.373
1551.992191,0.191
1552.388191,0.396
1552.692191,0.304
1553.316191,0.624
1553.531191,0.215
1553.734191,0.203
1553.926191,0.192
1554.536191,0.61
1555.168191,0.632
1555.540191,0.372
1557.042191,1.502
1558.351191,1.309
1558.950191,0.599
